,Substrate (gene name),Phospho site ID,control_mean,AZ20_mean,Fold control intensity over maximum,Fold condition intensity over maximum,Log10 control intensity,Log10 condition intensity,AZ20_fold_change,Log2 fold change - condition over control,AZ20_ctrlCV,AZ20_treatCV,AZ20_p-value,corrected p-value,neg_log10_corr_p_values,rejected hypotheses,control only,condition only,both conditions,CV <=25%(both),CV <=25%(control),CV <=25%(condition),Substrate/Isoform in DB (gene name),Phosphosite in DB (ID),"Kinase in DB
(gene name)"
0,SYNE2,S6361,0.0,173506501.6,0.0,1.0,-inf,8.239315753225451,inf,0.0,,0.106497342,3.44e-06,0.000924328,3.0341738909953015,True,False,True,False,False,False,True,"[('SYNE2', 'Q8WXH0')]","[('S6361', 484303)]",not in DB
1,GTF3C1,S739,0.0,424072627.7,0.0,1.0,-inf,8.627440241281946,inf,0.0,,0.113268405,4.94e-06,0.0011798915555555555,2.928157907090566,True,False,True,False,False,False,True,"[('GTF3C1', 'Q12789')]","[('S739', 453794)]",not in DB
2,WWC3,T909,0.0,402576053.6,0.0,1.0,-inf,8.604847938216123,inf,0.0,,0.17341863300000002,5.8299999999999994e-05,0.006329377777777778,2.198638982077405,True,False,True,False,False,False,True,"[('WWC3', 'Q9ULE0')]","[('T909', 3601113)]",not in DB
3,PLEC,S4626,0.0,94632294.57,0.0,1.0,-inf,7.976039370652342,inf,0.0,,0.18829347600000002,9.31e-05,0.008489098305084746,2.071138437191013,True,False,True,False,False,False,True,"[('PLEC', 'Q15149')]","[('S4626', 465866)]",not in DB
4,CTAGE5,S559,0.0,111016401.2,0.0,1.0,-inf,8.045387144772873,inf,0.0,,0.19055515,9.96e-05,0.008774596721311475,2.0567728344899185,True,False,True,False,False,False,True,not in DB,not in DB,not in DB
5,SNRNP70,S410,0.0,952685319.0,0.0,1.0,-inf,8.978949472736836,inf,0.0,,0.194663342,0.00011227600000000001,0.009065617164179104,2.042602624897345,True,False,True,False,False,False,True,"[('SNRNP70', 'P08621')]","[('S410', 470218)]",not in DB
6,CC2D1A,S118,0.0,56395084.93,0.0,1.0,-inf,7.751241255033065,inf,0.0,,0.20656685600000002,0.00015662,0.01114802490066225,1.9528020699005944,True,False,True,False,False,False,True,"[('CC2D1A', 'Q6P1N0')]","[('S118', 3202695)]",not in DB
7,PACS1,S430,0.0,215666689.8,0.0,1.0,-inf,8.333783072533327,inf,0.0,,0.219493009,0.00021951900000000002,0.014145455595238094,1.8493830602740469,True,False,True,False,False,False,True,"[('PACS1', 'Q6VY07')]","[('S430', 3203196)]",not in DB
8,TMF1,S112,0.0,92988794.75,0.0,1.0,-inf,7.968430618753575,inf,0.0,,0.221069367,0.000228387,0.014271531837209304,1.8455294093140462,True,False,True,False,False,False,True,"[('TMF1', 'P82094')]","[('S112', 3193697)]",not in DB
9,TRPS1,S1041,0.0,24847366.27,0.0,1.0,-inf,7.395280361881272,inf,0.0,,0.22335786800000001,0.00024176400000000003,0.014764087909090909,1.8307933775701606,True,False,True,False,False,False,True,"[('TRPS1', 'Q9UHF7')]","[('S1041', 18017141)]",not in DB
10,ZFHX3,S2230,0.0,328545720.0,0.0,1.0,-inf,8.51659581396303,inf,0.0,,0.245847982,0.000408938,0.021105009358851675,1.6756144509250321,True,False,True,False,False,False,True,"[('ZFHX3', 'Q15911')]","[('S2230', 27444351)]",not in DB
11,ZFHX3,S2226,0.0,328545720.0,0.0,1.0,-inf,8.51659581396303,inf,0.0,,0.245847982,0.000408938,0.021105009358851675,1.6756144509250321,True,False,True,False,False,False,True,"[('ZFHX3', 'Q15911')]","[('S2226', 34505355)]",not in DB
12,FOXK1,T436,314493079.3,2091621349.0,0.1503585146758798,1.0,8.497611092849995,9.320483065986828,6.6507706760000005,2.733521526481723,0.213978698,0.066423007,1.03e-06,0.0004813234782608696,3.3175629535512896,True,False,False,True,True,False,False,"[('FOXK1', 'P85037')]","[('T436', 467913)]",not in DB
13,FOXK1,S441,314493079.3,2091621349.0,0.1503585146758798,1.0,8.497611092849995,9.320483065986828,6.6507706760000005,2.733521526481723,0.213978698,0.066423007,1.03e-06,0.0004813234782608696,3.3175629535512896,True,False,False,True,True,False,False,"[('FOXK1', 'P85037')]","[('S441', 467911)]",not in DB
14,HNRNPU,S59,71188108.51,286063160.8,0.2488545127968117,1.0,7.852407453751965,8.456461932983828,4.01841216,2.0066255458264295,0.10314388099999999,0.23274840300000002,0.001437906,0.04476265534104047,1.3490841588336653,True,False,False,True,True,False,False,"[('HNRNPU', 'Q00839')]","[('S59', 468001)]","[('PLK1', 'P53350'), ('PRKDC', 'P78527')]"
15,SLC4A8,S237,356729795.3,1301174616.0,0.27415981753213053,1.0,8.552339384622817,9.114335582246873,3.647507534,1.8669109580617989,0.072471292,0.01940474,7.780000000000001e-09,2.1442259999999997e-05,4.668729442216102,True,False,False,True,True,False,False,"[('SLC4A8', 'Q2Y0W8')]","[('S237', 3245411)]",not in DB
16,GTF2F1,S433,932359139.4,3263629906.0,0.28568163862143503,1.0,8.969583232328215,9.513700904096842,3.500399972,1.8075197805296428,0.06503035,0.08737946199999999,8.82e-06,0.001974945,2.7044449944826368,True,False,False,True,True,False,False,"[('GTF2F1', 'P35269')]","[('S433', 469208)]",not in DB
17,CBX3,S176,614579001.5,2064146573.0,0.29774000041420506,1.0,8.788577717507618,9.314740532870374,3.358635047,1.7478750392496605,0.21444101399999999,0.12435927599999999,0.000127296,0.009791200929577465,2.009164036991365,True,False,False,True,True,False,False,"[('CBX3', 'Q13185')]","[('S176', 483252)]",not in DB
18,PGAM1,S14,297420998.7,994601749.9,0.2990352658537988,1.0,8.473371627594123,8.997649218993578,3.3440871839999997,1.7416124605422467,0.137744569,0.180390797,0.000600189,0.02536519603125,1.595761776951498,True,False,False,True,True,False,False,"[('PGAM1', 'P18669')]","[('S14', 468409)]",not in DB
19,NOLC1,S303,96685919.45,311334943.4,0.310552739098672,1.0,7.985363231576046,8.493227867467372,3.220064981,1.6870898022593115,0.097934639,0.058300044,1.79e-06,0.0006623091891891893,3.1789392193054105,True,False,False,True,True,False,False,"[('NOLC1', 'Q14978')]","[('S303', 13357130)]",not in DB
20,FAM53C,S247,95111185.59,279931734.8,0.33976564199822906,1.0,7.978231595321731,8.447052135576824,2.9432051880000003,1.5573881244703027,0.132624815,0.11322523,8.31e-05,0.00790406017699115,2.1021497619381777,True,False,False,True,True,False,False,"[('FAM53C', 'Q9NYF3')]","[('S247', 23089101)]",not in DB
21,ACTG1,S239,993107432.1,2875166833.0,0.34540862836254066,1.0,8.996996232024571,9.45866304991231,2.895121656,1.5336239730228831,0.055150707,0.12747519300000001,0.00011973700000000001,0.009489307211678831,2.02276549306562,True,False,False,True,True,False,False,"[('ACTG1', 'P63261')]","[('S239', 3147243)]",not in DB
22,NEDD4,S743,516171421.5,1377612635.0,0.3746854582964826,1.0,8.712793955596394,9.139127117330844,2.6689052859999998,1.4162481080865963,0.22317552100000002,0.178833773,0.001534491,0.04647444257303371,1.33278581056967,True,False,False,True,True,False,False,"[('NEDD4', 'P46934-3'), ('NEDD4', 'P46934-4')]","[('S743', 4707450)]",not in DB
23,POTEF,S939,589005065.5,1551447902.0,0.37964862677032385,1.0,8.77011902977732,9.19073719645012,2.6340145319999997,1.397263305042605,0.147253087,0.051237785,7.72e-06,0.001765416170212766,2.7531528998388506,True,False,False,True,True,False,False,"[('POTEF', 'A5A3E0')]","[('S939', 15405409)]",not in DB
24,PRKDC,T1045,2181461255.0,5650157907.0,0.3860885467107707,1.0,9.338747503873776,9.752060585373501,2.590079422,1.3729963372820055,0.12915179699999998,0.068880562,1.6e-05,0.0032048581818181813,2.494191183685415,True,False,False,True,True,False,False,not in DB,not in DB,not in DB
25,LMNB2,S316,155245509.8,399071399.4,0.3890168777652574,1.0,8.19101904783552,8.601050603935752,2.570582557,1.3620953465219627,0.124712282,0.147342855,0.000486847,0.023464715497757846,1.6295847071025797,True,False,False,True,True,False,False,"[('LMNB2', 'Q03252')]","[('S316', 478710)]",not in DB
26,ARVCF,T872,289996156.6,741970295.4,0.39084604653028815,1.0,8.46239224211112,8.870386518753287,2.558552169,1.3553276502681284,0.104538645,0.075776725,1.8e-05,0.0033355862068965517,2.4768278306985003,True,False,False,True,True,False,False,"[('ARVCF', 'O00192')]","[('T872', 4713893)]",not in DB
27,PLCB3,T924,858849640.6,2184531155.0,0.39315055710432295,1.0,8.933917138250951,9.339358242841925,2.543554834,1.3468461961809437,0.205988648,0.07587268700000001,7.890000000000001e-05,0.007571582142857144,2.1208133616996303,True,False,False,True,True,False,False,"[('PLCB3', 'Q01970')]","[('T924', 23132672)]",not in DB
28,PLCB3,S934,858849640.6,2184531155.0,0.39315055710432295,1.0,8.933917138250951,9.339358242841925,2.543554834,1.3468461961809437,0.205988648,0.07587268700000001,7.890000000000001e-05,0.007571582142857144,2.1208133616996303,True,False,False,True,True,False,False,"[('PLCB3', 'Q01970')]","[('S934', 3194045)]",not in DB
29,ATF2,T71,1416899286.0,3328098528.0,0.4257383830674859,1.0,9.151338981447934,9.522196175050569,2.348860333,1.2319609309410757,0.13525547300000001,0.142834125,0.000653155,0.026794312748091603,1.5719573777709277,True,False,False,True,True,False,False,"[('ATF2', 'P15336')]","[('T71', 448225)]","[('MAPK1', 'P28482'), ('MAPK14', 'Q16539'), ('MAPK3', 'P27361'), ('MAPK8', 'P45983'), ('MAPK9', 'P45984'), ('PLK3', 'Q9H4B4')]"
30,EIF4EBP1,S96,790974506.6,1831766275.0,0.43180973325868227,1.0,8.898162486251957,9.26287005887696,2.315834783,1.2115323318034603,0.12363043300000001,0.084060742,6.19e-05,0.0065330980392156865,2.1848808245025326,True,False,False,True,True,False,False,not in DB,not in DB,not in DB
31,CDK13,T871,1026295158.0,2373888218.0,0.4323266572613319,1.0,9.011272279933818,9.37546026497715,2.3130657880000003,1.2098062995545609,0.066411074,0.105938381,0.00010807799999999999,0.009060647317829457,2.0428407740098424,True,False,False,True,True,False,False,"[('CDK13', 'Q14004')]","[('T871', 478047)]",not in DB
32,PLEKHG7,S162,46829451921.0,102846000000.0,0.4553356661513331,1.0,10.67051907494889,11.01218740529949,2.196189267,1.1350023907711997,0.198101152,0.133181882,0.001086599,0.03755230241800643,1.4253634302502076,True,False,False,True,True,False,False,not in DB,not in DB,not in DB
33,CDK12,T893,2102515428.0,4584709426.0,0.4585929516223173,1.0,9.322739191281215,9.661311815756587,2.180583013,1.1247139136773827,0.036364493,0.10659964400000001,0.000128119,0.009791200929577465,2.009164036991365,True,False,False,True,True,False,False,"[('CDK12', 'Q9NYV4')]","[('T893', 472551)]","[('CDK7', 'P50613')]"
34,CDK11A,S271,437381960.4,949457291.7,0.460665228676973,1.0,8.640860866812504,8.977475434163951,2.17077378,1.1182093881008421,0.204804028,0.115491594,0.0007685260000000001,0.02960615572759857,1.5286179808133022,True,False,False,True,True,False,False,"[('CDK11A', 'Q9UQ88')]","[('S271', 3216549)]",not in DB
35,TNRC6C,S1358,2925833440.0,6273911321.0,0.4663491863850015,1.0,9.466249599250736,9.797538375842036,2.144315953,1.1005174945284535,0.204923987,0.110740296,0.000733732,0.02920796865185185,1.5344986461749774,True,False,False,True,True,False,False,"[('TNRC6C', 'Q9HCJ0')]","[('S1358', 25174100)]",not in DB
36,ANLN,S518,2102891866.0,4449779237.0,0.4725834145915406,1.0,9.322816941156642,9.648338465243633,2.116028555,1.0813590962037951,0.057520245,0.076057996,2.8600000000000004e-05,0.003940933333333334,2.4044009118003067,True,False,False,True,True,False,False,"[('ANLN', 'Q9NQW6')]","[('S518', 3213480)]",not in DB
37,HSPB1,S15,5990921169.0,12672950641.0,0.47273293637063096,1.0,9.777493605002892,10.102877743369095,2.115359272,1.080902711058977,0.098513683,0.150696031,0.00116177,0.039020949874999995,1.4087021629156176,True,False,False,True,True,False,False,"[('HSPB1', 'P04792')]","[('S15', 448401)]","[('MAPKAPK2', 'P49137'), ('PRKG1', 'Q13976-2')]"
38,AHNAK,S3426,611244470.4,1292545686.0,0.47289970251774915,1.0,8.78621494332083,9.111445902502572,2.114613299,1.080393860686626,0.12048438300000001,0.12961552,0.000658818,0.026847567621212123,1.5710950550868583,True,False,False,True,True,False,False,"[('AHNAK', 'Q09666')]","[('S3426', 7990582)]",not in DB
39,RAN,S135,1234860322.0,2575444412.0,0.4794746554211398,1.0,9.091617836287757,9.410852180571794,2.085615974,1.060473537814611,0.095923513,0.122123132,0.000454672,0.022519883207373272,1.6474338661530556,True,False,False,True,True,False,False,"[('RAN', 'P62826')]","[('S135', 469112)]","[('PAK4', 'O96013'), ('PLK1', 'P53350')]"
40,LARGE_HUMAN,S159,1234860322.0,2575444412.0,0.4794746554211398,1.0,9.091617836287757,9.410852180571794,2.085615974,1.060473537814611,0.095923513,0.122123132,0.000454672,0.022519883207373272,1.6474338661530556,True,False,False,True,True,False,False,not in DB,not in DB,not in DB
41,MEPCE,S254,1318378495.0,2739208679.0,0.4812990354138696,1.0,9.120040110327704,9.437625119032338,2.0777103759999997,1.05499456269753,0.149297603,0.143207587,0.001371697,0.04363703899408284,1.3601447262816553,True,False,False,True,True,False,False,"[('MEPCE', 'Q7L2J0')]","[('S254', 3203838)]",not in DB
42,PPHLN1,S201,1844196789.0,3796695758.0,0.4857373112170238,1.0,9.265807261520651,9.579405797056664,2.058725935,1.0417517860006527,0.092224477,0.090983782,0.000120767,0.009489307211678831,2.02276549306562,True,False,False,True,True,False,False,"[('PPHLN1', 'Q8NEY8')]","[('S201', 476421)]",not in DB
43,DCAF8,S99,104912265.9,214913444.8,0.48816055225224325,1.0,8.020826267042628,8.332263585430043,2.048506368,1.034572377596218,0.13558514900000002,0.10064203599999999,0.00032224099999999997,0.018038782645833334,1.7437927743348827,True,False,False,True,True,False,False,"[('DCAF8', 'Q5TAQ9')]","[('S99', 471164)]",not in DB
44,MCM4,S120,7870462506.0,16021149748.0,0.4912545372708041,1.0,9.896000254328781,10.204693679744132,2.0356046080000003,1.0254573622615202,0.130769548,0.083361239,0.000157896,0.011164909263157895,1.9521448020748504,True,False,False,True,True,False,False,"[('MCM4', 'P33991')]","[('S120', 470387)]",not in DB
45,AHNAK,S3412,762692975.4,1530687914.0,0.49826811097431845,1.0,8.882349746442383,9.184886653112487,2.006951635,1.0050058499908132,0.197647926,0.086501177,0.000567747,0.025111706814814814,1.6001237677703983,True,False,False,True,True,False,False,"[('AHNAK', 'Q09666')]","[('S3412', 4693314)]",not in DB
46,POLN,S75,43524173954.0,86454204166.0,0.5034361761104132,1.0,10.638730537385603,10.936786117351986,1.986349109,0.9901192047194958,0.10488321199999999,0.051888565,2.45e-05,0.0037618,2.4246042978885933,True,False,False,True,True,False,False,not in DB,not in DB,not in DB
47,GGNBP2,T125,43524173954.0,86454204166.0,0.5034361761104132,1.0,10.638730537385603,10.936786117351986,1.986349109,0.9901192047194958,0.10488321199999999,0.051888565,2.45e-05,0.0037618,2.4246042978885933,True,False,False,True,True,False,False,"[('GGNBP2', 'Q9H3C7')]","[('T125', 23076106)]",not in DB
48,EXOSC9,S306,579518769.5,1149507859.0,0.5041451130261476,1.0,8.763067506491627,9.060511944816838,1.983555874,0.9880890367609252,0.20888594100000002,0.09978419599999999,0.001034795,0.03612880876623376,1.4421463576896631,True,False,False,True,True,False,False,"[('EXOSC9', 'Q06265'), ('EXOSC9', 'Q06265-2')]","[('S306', 3194462)]",not in DB
49,PLRG1,S255,43524173954.0,86059182753.0,0.5057470052779784,1.0,10.638730537385603,10.93479721755937,1.977273201,0.9835122228612222,0.10488321199999999,0.045333534,1.7899999999999998e-05,0.0033355862068965517,2.4768278306985003,True,False,False,True,True,False,False,not in DB,not in DB,not in DB
50,COL4A3BP,S373,597373519.5,1180669504.0,0.5059616746906338,1.0,8.776245967196937,9.072128345813159,1.976434284,0.9828999866660192,0.163569875,0.106582229,0.0007201260000000001,0.028880277044776123,1.539398644951415,True,False,False,True,True,False,False,"[('COL4A3BP', 'Q9Y5P4')]","[('S373', 14571832)]",not in DB
51,TLN2,T1843,4154431825.0,8177242790.0,0.5080479975573772,1.0,9.618511636510009,9.91260689255361,1.9683179640000001,0.9769632938644179,0.13581300000000002,0.109976566,0.000599426,0.02536519603125,1.595761776951498,True,False,False,True,True,False,False,"[('TLN2', 'Q9Y4G6')]","[('T1843', 453064)]",not in DB
52,HMMR,S20,113499837.5,223127455.8,0.5086771464007344,1.0,8.054995239741443,8.34855301344291,1.965883482,0.9751778156142406,0.21718288,0.100417891,0.001260058,0.040932819168674694,1.3879283431329943,True,False,False,True,True,False,False,"[('HMMR', 'O75330')]","[('S20', 460366)]",not in DB
53,MEPCE,S217,3454744549.0,6755476601.0,0.5113990844833363,1.0,9.538415940259798,9.82965599405128,1.955420004,0.9674785167953993,0.098093557,0.105103865,0.000345505,0.018660742412060304,1.7290710819696258,True,False,False,True,True,False,False,"[('MEPCE', 'Q7L2J0')]","[('S217', 467545)]",not in DB
54,MEPCE,T213,3454744549.0,6755476601.0,0.5113990844833363,1.0,9.538415940259798,9.82965599405128,1.955420004,0.9674785167953993,0.098093557,0.105103865,0.000345505,0.018660742412060304,1.7290710819696258,True,False,False,True,True,False,False,"[('MEPCE', 'Q7L2J0')]","[('T213', 467546)]",not in DB
55,CRTC1,S153,505616937.9,984027569.4,0.5138239553677285,1.0,8.703821614153465,8.993007266185977,1.946191861,0.9606539420147528,0.126575141,0.084776941,0.000221096,0.014145455595238094,1.8493830602740469,True,False,False,True,True,False,False,"[('CRTC1', 'Q6UUV9')]","[('S153', 7321644)]",not in DB
56,MAVS,S222,2932581668.0,5690476324.0,0.5153490676398428,1.0,9.467250115405768,9.755148620740712,1.940432345,0.9563781330798022,0.24651824,0.082392635,0.0014545220000000002,0.0449229955632184,1.3475312917427331,True,False,False,True,True,False,False,"[('MAVS', 'Q7Z434')]","[('S222', 483727)]",not in DB
57,MRPS17,S128,1113969017.0,2081741903.0,0.5351138944720565,1.0,9.04687311190319,9.3184268841317,1.868761044,0.9020821053719872,0.099716532,0.133332085,0.001372285,0.04363703899408284,1.3601447262816553,True,False,False,True,True,False,False,"[('MRPS17', 'Q9Y2R5')]","[('S128', 6338302)]",not in DB
58,PPP2R5D,S573,961807413.3,1782650902.0,0.5395377256539261,1.0,8.983088120151882,9.251066303254344,1.853438514,0.8902042559616937,0.137336446,0.107582483,0.000880209,0.03217852493877551,1.4924338678079283,True,False,False,True,True,False,False,"[('PPP2R5D', 'Q14738')]","[('S573', 457390)]","[('PRKACA', 'P17612')]"
59,ATRIP,S239,839056979.8,1534927446.0,0.5466427628136893,1.0,8.92379145447883,9.186087851769855,1.8293482840000002,0.8713297715136136,0.072899356,0.104167839,0.00041039699999999995,0.021105009358851675,1.6756144509250321,True,False,False,True,True,False,False,"[('ATRIP', 'Q8WXE1')]","[('S239', 485777)]",not in DB
60,DYNC1LI1,S398,2193991103.0,3954375883.0,0.5548261389191766,1.0,9.341234862105676,9.59707794877986,1.802366416,0.8498923367942478,0.12191006900000001,0.11518076699999999,0.00118012,0.03922844724923077,1.4063988818892468,True,False,False,True,True,False,False,"[('DYNC1LI1', 'Q9Y6G9')]","[('S398', 4273678)]",not in DB
61,TBC1D5,S730,493478362.1,887190373.1,0.5562260108568349,1.0,8.693268114601217,8.948016820638589,1.7978303430000002,0.8462568835547762,0.118928479,0.113902382,0.001115465,0.03806037403174603,1.4195269480740855,True,False,False,True,True,False,False,"[('TBC1D5', 'Q92609')]","[('S730', 15415666)]",not in DB
62,CXADR,S332,1569006674.0,2776354631.0,0.5651319382909193,1.0,9.19562479092614,9.443474938890047,1.769498293,0.8233403700244474,0.181833883,0.093222809,0.001619373,0.04781599176923077,1.3204268319313173,True,False,False,True,True,False,False,"[('CXADR', 'P78310'), ('CXADR', 'P78310-4')]","[('S332', 452735)]",not in DB
63,MFAP1,S118,1408584750.0,2479569430.0,0.5680763494491058,1.0,9.14878298220575,9.394376273402978,1.760326761,0.8158432542706184,0.15411609199999998,0.080988339,0.000762925,0.029496107553956836,1.5302352917972206,True,False,False,True,True,False,False,"[('MFAP1', 'P55081')]","[('S118', 452341)]",not in DB
64,ZC3H4,S1269,2048536689.0,3603306869.0,0.568515744974148,1.0,9.31144374651106,9.556701249588096,1.758966236,0.8147277900168826,0.138617654,0.079752321,0.000551582,0.024909257714285715,1.60363921406899,True,False,False,True,True,False,False,"[('ZC3H4', 'Q9UPT8')]","[('S1269', 453904)]",not in DB
65,FAM110C,S241,305957950.0,536371486.6,0.5704217275594455,1.0,8.485661742370954,8.729465682786163,1.7530889019999998,0.8098991593731906,0.088525725,0.097197215,0.000498149,0.023796024231111112,1.6234955975117182,True,False,False,True,True,False,False,"[('FAM110C', 'Q1W6H9')]","[('S241', 4766370)]",not in DB
66,ARHGEF11,S614,262080906.8,459397845.9,0.5704878878710476,1.0,8.418435382741935,8.662188954472553,1.752885593,0.8097318376275163,0.162413114,0.053052715,0.00043421800000000005,0.022014033320754717,1.6573003805055908,True,False,False,True,True,False,False,"[('ARHGEF11', 'O15085')]","[('S614', 4152204)]",not in DB
67,RRP15,T104,2279610313.0,3994820446.0,0.5706414953599644,1.0,9.357860613062655,9.60149726398447,1.752413745,0.809343435549334,0.185067626,0.05362834599999999,0.000759085,0.029496107553956836,1.5302352917972206,True,False,False,True,True,False,False,"[('RRP15', 'Q9Y3B9')]","[('T104', 3216996)]",not in DB
68,TMPO,S424,1321991390.0,2315134442.0,0.5710214344433306,1.0,9.121228626641553,9.36457621596883,1.7512477469999999,0.8083831946138275,0.032376066,0.101800759,0.00036852099999999996,0.019511643881773396,1.7097061391801862,True,False,False,True,True,False,False,"[('TMPO', 'P42166')]","[('S424', 469953)]","[('CDK1', 'P06493')]"
69,SLC4A1AP,S82,5734328784.0,10024635589.0,0.5720236644105309,1.0,9.758482590072513,10.001068594303398,1.7481794240000001,0.805853263117027,0.11132948699999999,0.11945427800000001,0.001549258,0.0466426470140056,1.3312168109300981,True,False,False,True,True,False,False,"[('SLC4A1AP', 'Q9BWU0')]","[('S82', 455423)]",not in DB
70,FTSJ3,S688,781275969.6,1359122260.0,0.5748386238630218,1.0,8.892804466533287,9.13325852550006,1.739618666,0.7987710940256545,0.15485755699999998,0.09750602400000001,0.0014097029999999998,0.04417343394752186,1.3548388383125523,True,False,False,True,True,False,False,"[('FTSJ3', 'Q8IY81')]","[('S688', 460399)]",not in DB
71,SEPT9,T142,1039319213.0,1805902210.0,0.5755124542430234,1.0,9.016748955788863,9.256694229472927,1.7375818580000002,0.7970809452311619,0.064470754,0.11112396199999999,0.00076097,0.029496107553956836,1.5302352917972206,True,False,False,True,True,False,False,"[('SEPT9', 'Q9UHD8')]","[('T142', 476596)]",not in DB
72,SPECC1,S425,112708105.4,195285489.1,0.5771453164258685,1.0,8.05195514944376,8.290669973764402,1.732665884,0.7929934814058637,0.09492216099999999,0.096180888,0.000573808,0.02518542435483871,1.598850727219921,True,False,False,True,True,False,False,"[('SPECC1', 'Q5M775'), ('SPECC1', 'Q5M775-2')]","[('S425', 3198425)]",not in DB
73,KRT8,S410,1953626308.0,3375651442.0,0.5787405309958539,1.0,9.290841494953746,9.52835759653446,1.727890041,0.7890114105849735,0.121604724,0.088855449,0.0006648860000000001,0.026865393714285715,1.570806790431643,True,False,False,True,True,False,False,"[('KRT8', 'P05787')]","[('S410', 3179212)]",not in DB
74,PKP3,S123,554962893.7,957710234.4,0.57946847988701,1.0,8.744263946005434,8.9812341284555,1.725719405,0.787197907203024,0.11217423300000001,0.096021847,0.000757199,0.029496107553956836,1.5302352917972206,True,False,False,True,True,False,False,"[('PKP3', 'Q9Y446')]","[('S123', 4782031)]",not in DB
75,ADAM8,S687,48424895388.0,83405906490.0,0.580593118951425,1.0,10.685068691188496,10.921196806815017,1.722376596,0.784400621120259,0.136376259,0.108271924,0.00163942,0.048272247065217384,1.3163024843735533,True,False,False,True,True,False,False,not in DB,not in DB,not in DB
76,LR16A_HUMAN,S933,1055558772.0,1815830082.0,0.5813092218614319,1.0,9.023482419211366,9.259075206573634,1.7202548359999998,0.782622299462539,0.08250932400000001,0.117908141,0.001263466,0.040932819168674694,1.3879283431329943,True,False,False,True,True,False,False,not in DB,not in DB,not in DB
77,SHTN1,S506,3202660395.0,5505855506.0,0.5816826089078989,1.0,9.505510889211129,9.74082480971436,1.719150589,0.7816959232267082,0.058285606,0.092933881,0.000330911,0.018428142113989635,1.7345184472179516,True,False,False,True,True,False,False,"[('SHTN1', 'A0MZ66')]","[('S506', 485714)]",not in DB
78,EPS15L1,S793,7821487966.0,13272562084.0,0.5892975234547037,1.0,9.893289381442315,10.12295476548244,1.696935691,0.762931891908639,0.16106993,0.051240956,0.000584135,0.02521398787148594,1.598358460407916,True,False,False,True,True,False,False,"[('EPS15L1', 'Q9UBC2')]","[('S793', 470813)]",not in DB
79,ZNRF1,S123,707652745.9,1196398342.0,0.5914858965092079,1.0,8.849820196198651,9.077875802503087,1.690657386,0.7575843252716262,0.045607279,0.093378876,0.000342124,0.018660742412060304,1.7290710819696258,True,False,False,True,True,False,False,"[('ZNRF1', 'Q8ND25')]","[('S123', 4767341)]",not in DB
80,MFAP1,S116,1549870140.0,2606709818.0,0.5945694949617134,1.0,9.190295311174124,9.416092687687055,1.68188918,0.7500826492722724,0.149344433,0.083161358,0.001180598,0.03922844724923077,1.4063988818892468,True,False,False,True,True,False,False,"[('MFAP1', 'P55081')]","[('S116', 452340)]","[('CDC7', 'O00311')]"
81,TSC1,T624,2200611485.0,3694037931.0,0.5957197858020586,1.0,9.342543375213829,9.567501350535576,1.678641576,0.7472942185246741,0.09341873,0.04010959,5.15e-05,0.00570641237113402,2.243636847463923,True,False,False,True,True,False,False,not in DB,not in DB,not in DB
82,DBNL,S283,2200611485.0,3694037931.0,0.5957197858020586,1.0,9.342543375213829,9.567501350535576,1.678641576,0.7472942185246741,0.09341873,0.04010959,5.15e-05,0.00570641237113402,2.243636847463923,True,False,False,True,True,False,False,"[('DBNL', 'Q9UJU6-2')]","[('S283', 451880)]",not in DB
83,MAZ,S361,888456876.5,1488837713.0,0.5967452790470791,1.0,8.948636353072558,9.17284736115734,1.675756869,0.7448128475262595,0.078960469,0.044225227,3.71e-05,0.0047470333333333335,2.323577718685705,True,False,False,True,True,False,False,"[('MAZ', 'P56270')]","[('S361', 27452718)]",not in DB
84,CDC20,T157,280415844.3,469649290.7,0.5970749873422517,1.0,8.447802548872565,8.671773670768607,1.6748315059999999,0.7440159626238787,0.12357304300000001,0.04494917599999999,0.00019282299999999998,0.013034349710691822,1.8849106310935058,True,False,False,True,True,False,False,"[('CDC20', 'Q12834')]","[('T157', 454662)]","[('BUB1', 'O43683')]"
85,CDC20,S160,280415844.3,469649290.7,0.5970749873422517,1.0,8.447802548872565,8.671773670768607,1.6748315059999999,0.7440159626238787,0.12357304300000001,0.04494917599999999,0.00019282299999999998,0.013034349710691822,1.8849106310935058,True,False,False,True,True,False,False,"[('CDC20', 'Q12834')]","[('S160', 31887608)]",not in DB
86,PDXDC1,S718,2170165876.0,3633687297.0,0.59723517700373,1.0,9.336492930290127,9.560347550646568,1.674382285,0.7436289530429491,0.044980722,0.108455754,0.000782025,0.02991176049822064,1.5241580252113387,True,False,False,True,True,False,False,"[('PDXDC1', 'Q6P996')]","[('S718', 3202836)]",not in DB
87,NUMA1,S1969,837062236.3,1398606816.0,0.5984971807115803,1.0,8.922757749363425,9.14569564040928,1.6708516469999999,0.7405836438486663,0.120752974,0.086520515,0.000833489,0.031105346430555555,1.5071649574127497,True,False,False,True,True,False,False,"[('NUMA1', 'Q14980')]","[('S1969', 3196643)]","[('AURKA', 'O14965'), ('AURKB', 'Q96GD4')]"
88,ATG9A,S656,478089906.1,791915303.8,0.6037134322393936,1.0,8.679509574544257,8.898678735807644,1.656415025,0.7280641942697635,0.165083885,0.037889459,0.0006646180000000001,0.026865393714285715,1.570806790431643,True,False,False,True,True,False,False,"[('ATG9A', 'Q7Z3C6')]","[('S656', 3203982)]",not in DB
89,BAP18,S110,1302365653.0,2134761778.0,0.6100754034579684,1.0,9.114732934144277,9.329349418343519,1.639141645,0.7129405290617924,0.172929566,0.029530726,0.000836418,0.031106645896193774,1.5071468145841704,True,False,False,True,True,False,False,not in DB,not in DB,not in DB
90,CC147_HUMAN,S53,11081675848.0,17826333462.0,0.6216463902474708,1.0,10.044605442387336,10.251062026239365,1.608631556,0.6858339263094191,0.026484856,0.106293741,0.0008899239999999999,0.03238826285135135,1.4896123448056329,True,False,False,True,True,False,False,not in DB,not in DB,not in DB
91,NIPBL,S318,2764369789.0,4445759859.0,0.6217991696973483,1.0,9.441596138043753,9.647946000259546,1.608236306,0.685479404307122,0.103408888,0.069918532,0.00045920300000000004,0.022604565406392697,1.6458038382611788,True,False,False,True,True,False,False,"[('NIPBL', 'Q6KC79')]","[('S318', 468309)]",not in DB
92,AHNAK,S2397,2377804502.0,3821715945.0,0.6221824270092371,1.0,9.376176144987118,9.582258404303627,1.607245651,0.6845904469936839,0.107890101,0.07516099799999999,0.000634465,0.02643112333333333,1.5778843787865346,True,False,False,True,True,False,False,"[('AHNAK', 'Q09666')]","[('S2397', 465694)]",not in DB
93,EIF4G1,S1231,9511313220.0,15188077857.0,0.6262354795354405,1.0,9.978240483796046,10.181502814750273,1.596843412,0.6752228476225868,0.083554963,0.078263499,0.000466353,0.022783463836363635,1.642380248182305,True,False,False,True,True,False,False,not in DB,not in DB,not in DB
94,NUP50,S221,1259050269.0,2007213929.0,0.627262620495695,1.0,9.100043070150342,9.302593662090358,1.594228585,0.672858501851916,0.086351685,0.093956654,0.0010052210000000002,0.03553985298684211,1.4492843730173604,True,False,False,True,True,False,False,"[('NUP50', 'Q9UKX7')]","[('S221', 476622)]","[('CDK1', 'P06493'), ('MAPK1', 'P28482'), ('MAPK3', 'P27361')]"
95,SSH3,S37,3172724357.0,5055733527.0,0.6275497591113449,1.0,9.501432342685387,9.703784175479381,1.593499138,0.6721982386931358,0.104435858,0.07244062700000001,0.000579938,0.02518542435483871,1.598850727219921,True,False,False,True,True,False,False,"[('SSH3', 'Q8TE77')]","[('S37', 467353)]","[('AURKB', 'Q96GD4')]"
96,NCL,T121,10978454686.0,17410271765.0,0.6305734243660728,1.0,10.040541213650148,10.240805550274063,1.585858143,0.6652637259324792,0.099711127,0.047549459,0.000187701,0.012932117615384615,1.8883303542089316,True,False,False,True,True,False,False,"[('NCL', 'P19338')]","[('T121', 470366)]","[('CDC7', 'O00311'), ('CDK1', 'P06493'), ('CDK2', 'P24941')]"
97,DDX21,S71,8274869544.0,13087465326.0,0.6322744196739811,1.0,9.917761155708478,10.11685554406632,1.581591741,0.6613772425116673,0.12065985900000001,0.083957536,0.00136258,0.043586338809523804,1.3606496095691358,True,False,False,True,True,False,False,"[('DDX21', 'Q9NR30')]","[('S71', 459731)]",not in DB
98,BAG3,S195,17506081946.0,27681316373.0,0.6324150813534001,1.0,10.243188957069455,10.442186738961617,1.581239963,0.6610563222568561,0.072826341,0.045821763,6.500000000000001e-05,0.0066535238095238106,2.1769482846659516,True,False,False,True,True,False,False,"[('BAG3', 'O95817')]","[('S195', 9766007)]",not in DB
99,CBX5,S92,3200088016.0,5059355363.0,0.6325090424370731,1.0,9.505161923425357,9.70409518479892,1.581005065,0.6608419896056305,0.034670246,0.10450589800000001,0.000998197,0.03540799127392739,1.4508987104458968,True,False,False,True,True,False,False,"[('CBX5', 'P45973')]","[('S92', 455944)]","[('AURKB', 'Q96GD4')]"
100,MICALL2,S143,1370492906.0,2160546815.0,0.6343268734031111,1.0,9.13687679186893,9.334563681096634,1.5764742790000001,0.6567016318913018,0.12379802,0.05371279,0.00055539,0.024976283347280335,1.6024721873332954,True,False,False,True,True,False,False,"[('MICALL2', 'Q8IY33')]","[('S143', 1983919)]",not in DB
101,RASL11A,S41,3162781495.0,4967405501.0,0.6367069276634035,1.0,9.50006918913555,9.696129613922846,1.570581309,0.651298633250693,0.10547476,0.071336176,0.000672929,0.027088542666666663,1.5672143588963123,True,False,False,True,True,False,False,"[('RASL11A', 'Q6T310')]","[('S41', 18802157)]",not in DB
102,ZC3H13,S64,2411642719.0,3779657760.0,0.6380584889251983,1.0,9.382312968202791,9.577452477172548,1.56725444,0.6482394169051753,0.074782511,0.089428969,0.0008221530000000001,0.03104531712891986,1.5080038994631422,True,False,False,True,True,False,False,"[('ZC3H13', 'Q5T200')]","[('S64', 470319)]",not in DB
103,ANKS1A,S647,1436486747.0,2233877393.0,0.6430463692865708,1.0,9.15730162355364,9.349059333056776,1.555097809,0.6370053225562631,0.028530826000000002,0.054361898,3.78e-05,0.004774111627906977,2.321107430570728,True,False,False,True,True,False,False,"[('ANKS1A', 'Q92625')]","[('S647', 452469)]",not in DB
104,RBBP6,S516,1449395094.0,2253185726.0,0.6432648126939181,1.0,9.16118678695857,9.352796991303297,1.554569721,0.6365153216550561,0.10640941599999999,0.046046968,0.00029274,0.016915965161290323,1.7717032179608756,True,False,False,True,True,False,False,"[('RBBP6', 'Q7Z6E9')]","[('S516', 453734)]",not in DB
105,DCAF5,S468,742611587.2,1152144737.0,0.6445471331437415,1.0,8.870761721375139,9.061507040312884,1.551476918,0.6336422334218084,0.116950585,0.076076972,0.0012059339999999999,0.0397588301595092,1.4005664025127562,True,False,False,True,True,False,False,"[('DCAF5', 'Q96JK2')]","[('S468', 15723679)]",not in DB
106,MED1,S1021,954556573.1,1475821453.0,0.6467967863996079,1.0,8.979801672548513,9.169033819094583,1.5460806569999999,0.6286155847340382,0.099364986,0.08415720199999999,0.001175152,0.03922844724923077,1.4063988818892468,True,False,False,True,True,False,False,"[('MED1', 'Q15648')]","[('S1021', 7321198)]",not in DB
107,MKL2,S921,493266321.5,761190940.5,0.6480191700337242,1.0,8.693081464365411,8.881493610783831,1.543164225,0.6258916030529553,0.11183412,0.053871173,0.0005149390000000001,0.0241411712034632,1.617241664028951,True,False,False,True,True,False,False,"[('MKL2', 'Q9ULH7')]","[('S921', 3215712)]",not in DB
108,HTT,S1199,1125263621.0,1725079696.0,0.652296600330516,1.0,9.051254278655026,9.236809163602636,1.533044936,0.616399985316474,0.105951394,0.056531544,0.00051758,0.0241411712034632,1.617241664028951,True,False,False,True,True,False,False,"[('HTT', 'P42858')]","[('S1199', 465620)]","[('CDK5', 'Q00535')]"
109,TOPAZ1,S376,1748634702.0,2670986739.0,0.6546774180745942,1.0,9.242699092797409,9.426671731827655,1.5274698230000001,0.6111438781531368,0.067752647,0.037877983999999996,5.02e-05,0.00570641237113402,2.243636847463923,True,False,False,True,True,False,False,not in DB,not in DB,not in DB
110,HMCES,S322,1849707255.0,2819565853.0,0.6560255555059739,1.0,9.267102999971488,9.450182242304592,1.524330861,0.6081760784985517,0.060331333,0.031358936000000004,2.24e-05,0.0036478060606060605,2.437968259446575,True,False,False,True,True,False,False,"[('HMCES', 'Q96FZ2')]","[('S322', 7322386)]",not in DB
111,TEX2,S732,2736493553.0,4151347424.0,0.6591820133337026,1.0,9.437194429310308,9.618189080767628,1.517031684,0.601251217339943,0.039822502999999995,0.08425640599999999,0.000541294,0.024862512444444446,1.6044549864898427,True,False,False,True,True,False,False,"[('TEX2', 'Q8IWB9-2')]","[('S732', 4741698)]",not in DB
112,DBN1,S312,2561018319.0,3842666595.0,0.6664690406220372,1.0,9.408412684994069,9.584632704986573,1.50044479,0.5853902348584922,0.046466187,0.055466502,9.93e-05,0.008774596721311475,2.0567728344899185,True,False,False,True,True,False,False,"[('DBN1', 'Q16643')]","[('S312', 23097766)]",not in DB
113,CBX6,S107,566816654.3,846740032.6,0.6694104831202237,1.0,8.753442602274664,8.927750093049415,1.4938517180000002,0.579036951123805,0.050011393,0.034610804,2.14e-05,0.0035385723076923076,2.4511719255325337,True,False,False,True,True,False,False,"[('CBX6', 'O95503')]","[('S107', 7320312)]",not in DB
114,MTA2,T534,436430244.3,648377576.2,0.6731112554166706,1.0,8.63991483925239,8.811827986588257,1.485638506,0.571083113826542,0.021847704,0.095775754,0.001107879,0.03792192194904458,1.4211096599755224,True,False,False,True,True,False,False,"[('MTA2', 'O94776')]","[('T534', 3177633)]",not in DB
115,ANK1,S15,6731663582.0,9978573357.0,0.6746118248735143,1.0,9.828122403778568,9.999068454366375,1.4823339340000001,0.5678704885727033,0.017125682,0.027349887000000003,1.38e-06,0.0005932896,3.2267332645096705,True,False,False,True,True,False,False,"[('ANK1', 'P16157')]","[('S15', 31086348)]",not in DB
116,NFIX,S265,1617349001.0,2393495639.0,0.6757267381843766,1.0,9.208803744615157,9.379032640524898,1.4798881609999999,0.565488151754679,0.076064202,0.029156933,7.730000000000001e-05,0.0075529127272727275,2.1218855334787694,True,False,False,True,True,False,False,"[('NFIX', 'Q14938')]","[('S265', 468281)]",not in DB
117,PARD3,S221,6650869441.0,9821712412.0,0.6771598639840117,1.0,9.822878422558285,9.992187213474061,1.476756159,0.5624316289169307,0.09442962,0.079826455,0.001562101,0.04676730236211699,1.330057680402281,True,False,False,True,True,False,False,"[('PARD3', 'Q8TEW0'), ('PARD3', 'Q8TEW0-11')]","[('S221', 7105012)]",not in DB
118,AAK1,S637,42013616.75,62038586.43,0.6772175055504404,1.0,7.623390069468413,7.792661893708867,1.476630465,0.5623088288005453,0.107365236,0.043431414,0.00058113,0.02518542435483871,1.598850727219921,True,False,False,True,True,False,False,"[('AAK1', 'Q2M2I8')]","[('S637', 467380)]",not in DB
119,LMNB2,S37,1091541461.0,1610787077.0,0.6776447840846441,1.0,9.038040236555956,9.207038136697683,1.4756993980000002,0.5613988723590239,0.05125439,0.096399836,0.0015888929999999999,0.047238881223140496,1.3257003965024294,True,False,False,True,True,False,False,"[('LMNB2', 'Q03252')]","[('S37', 455588)]","[('CDK2', 'P24941')]"
120,LMNB2,T34,1091541461.0,1610787077.0,0.6776447840846441,1.0,9.038040236555956,9.207038136697683,1.4756993980000002,0.5613988723590239,0.05125439,0.096399836,0.0015888929999999999,0.047238881223140496,1.3257003965024294,True,False,False,True,True,False,False,"[('LMNB2', 'Q03252')]","[('T34', 455429)]",not in DB
121,FAM129B,S681,4749543488.0,6983390240.0,0.680120016893113,1.0,9.676651868536377,9.844066311601834,1.470328729,0.5561387419175887,0.085604419,0.06321265200000001,0.000659449,0.026847567621212123,1.5710950550868583,True,False,False,True,True,False,False,"[('FAM129B', 'Q96TA1')]","[('S681', 449199)]",not in DB
122,LSG1,S11,3413262606.0,5005624558.0,0.6818854603357969,1.0,9.533169702855064,9.699458272658637,1.4665219569999999,0.5523986715161936,0.073003609,0.073850112,0.000820822,0.03104531712891986,1.5080038994631422,True,False,False,True,True,False,False,"[('LSG1', 'Q9H089')]","[('S11', 27452423)]",not in DB
123,SRRM2,T1472,3414935904.0,5005624558.0,0.682219743896342,1.0,9.533382556685092,9.699458272658637,1.46580337,0.5516915863148663,0.073159868,0.073850112,0.000828992,0.03104531712891986,1.5080038994631422,True,False,False,True,True,False,False,"[('SRRM2', 'Q9UQ35')]","[('T1472', 2834006)]",not in DB
124,PDPK1,S241,1392205268.0,2024072927.0,0.6878236695075365,1.0,9.143703272765526,9.306226156005266,1.4538609880000002,0.5398893314922536,0.058767625,0.067920436,0.000479565,0.023217858648648646,1.6341778371366202,True,False,False,True,True,False,False,"[('PDPK1', 'O15530')]","[('S241', 447693)]","[('PDPK1', 'O15530')]"
125,EIF4A3,T163,583512918.7,840690700.7,0.694087514247676,1.0,8.766050475562222,8.924636243495417,1.440740511,0.526810517882969,0.040963891,0.07420383,0.000550618,0.024909257714285715,1.60363921406899,True,False,False,True,True,False,False,"[('EIF4A3', 'P38919')]","[('T163', 3190132)]","[('CDK2', 'P24941')]"
126,ADAMTSL3,Y60,4809087692.0,6891220854.0,0.6978571422810476,1.0,9.682062696351096,9.83829616866908,1.432958036,0.5189963610716855,0.032291582,0.075061776,0.000546338,0.02488152891525424,1.6041229367200798,True,False,False,True,True,False,False,not in DB,not in DB,not in DB
127,ADAMTSL3,S65,4809087692.0,6891220854.0,0.6978571422810476,1.0,9.682062696351096,9.83829616866908,1.432958036,0.5189963610716855,0.032291582,0.075061776,0.000546338,0.02488152891525424,1.6041229367200798,True,False,False,True,True,False,False,not in DB,not in DB,not in DB
128,CGN,S149,2937425816.0,4197240232.0,0.699846959820145,1.0,9.467966907413013,9.622963827073338,1.4288838240000001,0.5148886222751952,0.08427636,0.05933953,0.0008020260000000001,0.030567998042553196,1.5147330031300497,True,False,False,True,True,False,False,"[('CGN', 'Q9P2M7')]","[('S149', 472441)]",not in DB
129,ARHGEF7,S518,4953383294.0,7041091784.0,0.7034964812212707,1.0,9.69490193509502,9.8476400055915,1.4214712180000002,0.5073848875704527,0.086407402,0.023481937999999997,0.000221105,0.014145455595238094,1.8493830602740469,True,False,False,True,True,False,False,"[('ARHGEF7', 'Q14155'), ('ARHGEF7', 'Q5W9H1')]","[('S518', 454356)]","[('PRKCG', 'P05129')]"
130,PALM,S116,435725241.3,618971736.5,0.7039501411871009,1.0,8.63921271908146,8.79167081870941,1.420555152,0.5064548441795486,0.09860274699999999,0.059949463,0.0013925320000000001,0.04389454832844575,1.357589415473052,True,False,False,True,True,False,False,"[('PALM', 'O75781')]","[('S116', 3177449)]",not in DB
131,PALM,S124,435725241.3,618971736.5,0.7039501411871009,1.0,8.63921271908146,8.79167081870941,1.420555152,0.5064548441795486,0.09860274699999999,0.059949463,0.0013925320000000001,0.04389454832844575,1.357589415473052,True,False,False,True,True,False,False,"[('PALM', 'O75781')]","[('S124', 3177452)]",not in DB
132,MTMR3,S361,4704874445.0,6586129070.0,0.7143611057412818,1.0,9.672548038268857,9.81863023743564,1.3998522480000002,0.4852745612226145,0.072940832,0.064987349,0.001017165,0.03584422760655738,1.4455807736214843,True,False,False,True,True,False,False,not in DB,not in DB,not in DB
133,LEFTY2,S79,1921271445.0,2662426682.0,0.7216241701562094,1.0,9.283588728077449,9.425277656994682,1.385762896,0.4706804335016165,0.020753351,0.063429776,0.000313216,0.01782487917894737,1.7489734052121018,True,False,False,True,True,False,False,"[('LEFTY2', 'O00292')]","[('S79', 29575142)]",not in DB
134,SNRNP70,S360,1921271445.0,2662426682.0,0.7216241701562094,1.0,9.283588728077449,9.425277656994682,1.385762896,0.4706804335016165,0.020753351,0.063429776,0.000313216,0.01782487917894737,1.7489734052121018,True,False,False,True,True,False,False,"[('SNRNP70', 'P08621')]","[('S360', 5852220)]",not in DB
135,THOC2,S1417,3697029660.0,5110278524.0,0.7234497381379912,1.0,9.567852934782644,9.708444571003568,1.382266033,0.46703530570710383,0.051112524000000006,0.031750189,6.39e-05,0.006624488461538461,2.178847652018832,True,False,False,True,True,False,False,"[('THOC2', 'Q8NI27')]","[('S1417', 3207039)]",not in DB
136,ZC3HAV1,S378,1310179494.0,1804570157.0,0.7260341133969002,1.0,9.117330797879971,9.25637377096504,1.377345749,0.4618907582785234,0.089710422,0.055537558,0.001454513,0.0449229955632184,1.3475312917427331,True,False,False,True,True,False,False,"[('ZC3HAV1', 'Q7Z2W4')]","[('S378', 453809)]",not in DB
137,MYO18A,S140,1939648133.0,2663220927.0,0.7283091362551463,1.0,9.287722952736189,9.425407194751838,1.373043328,0.4573771521452083,0.019090341,0.063524175,0.00035339599999999996,0.01899150104,1.7214407083737544,True,False,False,True,True,False,False,"[('MYO18A', 'Q92614'), ('MYO18A', 'Q92614-3')]","[('S140', 3737860)]",not in DB
138,ANKRD39,S153,282386052.1,387308777.0,0.7290979933047064,1.0,8.450843241793361,8.588057338864411,1.371557746,0.45581536452234034,0.058881003,0.072115915,0.001392635,0.04389454832844575,1.357589415473052,True,False,False,True,True,False,False,"[('ANKRD39', 'Q53RE8')]","[('S153', 3198080)]",not in DB
139,ZC3H4,S1275,2924573271.0,4004345604.0,0.7303498649263941,1.0,9.466062506462672,9.602531553181118,1.3692067980000002,0.4533403603412982,0.059784862,0.041127936000000004,0.000236385,0.014670340528735634,1.833559805172778,True,False,False,True,True,False,False,"[('ZC3H4', 'Q9UPT8')]","[('S1275', 453905)]",not in DB
140,MCMBP,S298,2820472731.0,3811365237.0,0.7400163866793436,1.0,9.45032190521955,9.581080568508003,1.3513214269999998,0.4343708767242119,0.06832681,0.04104296,0.000452621,0.022519883207373272,1.6474338661530556,True,False,False,True,True,False,False,"[('MCMBP', 'Q9BTE3')]","[('S298', 3210924)]",not in DB
141,FRMD4A,S800,2998156544.0,4048718786.0,0.7405198292277739,1.0,9.47685430510347,9.607317612794654,1.350402731,0.4333897268089299,0.05063084,0.072480972,0.001504348,0.04594928777272727,1.3377212159159906,True,False,False,True,True,False,False,"[('FRMD4A', 'Q9P2Q2')]","[('S800', 454345)]",not in DB
142,LLGL2,S653,4901290160.0,6586129070.0,0.7441837394784004,1.0,9.690310413828016,9.81863023743564,1.3437541659999999,0.42626922745240375,0.067381433,0.064987349,0.00166709,0.04842671167567567,1.314915019898204,True,False,False,True,True,False,False,"[('LLGL2', 'Q6P1M3')]","[('S653', 13197200)]",not in DB
143,CAMSAP2,S673,9194317492.0,12234801904.0,0.7514888728189416,1.0,9.963519496438757,10.08759694200034,1.330691692,0.4121763519065258,0.088524277,0.036048969,0.001273201,0.04109418723123123,1.3862196046916748,True,False,False,True,True,False,False,"[('CAMSAP2', 'Q08AD1')]","[('S673', 483296)]",not in DB
144,REEP3,S242,1432534289.0,1897866003.0,0.7548131884630214,1.0,9.15610502599389,9.27826554623036,1.324831117,0.40580846367932805,0.047381792,0.065413606,0.001264393,0.040932819168674694,1.3879283431329943,True,False,False,True,True,False,False,"[('REEP3', 'Q6NUK4')]","[('S242', 480109)]",not in DB
145,ORC2,T226,4075369529.0,5350112462.0,0.7617353014438372,1.0,9.610166993966676,9.728362911201168,1.312791987,0.39263833809082993,0.052248357999999995,0.053992788,0.000845174,0.031216254817869417,1.5056192027950563,True,False,False,True,True,False,False,"[('ORC2', 'Q13416')]","[('T226', 7320974)]","[('CDK2', 'P24941')]"
146,SYTL2,S535,1492255163.0,1932970388.0,0.7720010468158295,1.0,9.173843090166178,9.286225200936622,1.295335031,0.3733252910001014,0.026651347000000002,0.06806351,0.0014410010000000001,0.04476265534104047,1.3490841588336653,True,False,False,True,True,False,False,"[('SYTL2', 'Q9HCH5')]","[('S535', 7170604)]",not in DB
147,ID4,S5,691993809.3,894718648.9,0.7734205720991315,1.0,8.840102209198268,8.95168648957305,1.292957591,0.3706749555368886,0.044375324,0.052466162999999996,0.000771399,0.029610701614285716,1.5285513020466102,True,False,False,True,True,False,False,"[('ID4', 'P47928')]","[('S5', 33526448)]",not in DB
148,ARHGAP21,S1862,19858285478.0,24874974302.0,0.7983238590282021,1.0,10.297941749718944,10.395762640754231,1.2526244690000001,0.32495396620458045,0.02809757,0.053984375999999994,0.000985586,0.035076418304635766,1.4549847593751923,True,False,False,True,True,False,False,not in DB,not in DB,not in DB
149,RSF1,S397,3878956635.0,4787414503.0,0.8102403985636253,1.0,9.588714924409162,9.680101031111015,1.234201605,0.30357807583019686,0.035137967,0.024752963,0.00012640200000000001,0.009791200929577465,2.009164036991365,True,False,False,True,True,False,False,"[('RSF1', 'Q96T23')]","[('S397', 3209967)]",not in DB
150,LMNB1,S391,66903680607.0,81957284227.0,0.8163237866898383,1.0,10.825450010493395,10.913587558992589,1.225004118,0.29278659903045207,0.041807271,0.022528719,0.000237499,0.014670340528735634,1.833559805172778,True,False,False,True,True,False,False,"[('LMNB1', 'P20700')]","[('S391', 456894)]",not in DB
151,FAM83H,S881,46888569579.0,55112378843.0,0.8507810869963104,1.0,10.67106698399876,10.741249157098622,1.175390491,0.23314013197201794,0.029055632,0.034269096,0.0008716689999999999,0.031975079904436855,1.4951883615635337,True,False,False,True,True,False,False,"[('FAM83H', 'Q6ZRV2')]","[('S881', 467895)]",not in DB
152,PLEC,S125,7062291842.0,8142295548.0,0.8673588179607061,1.0,9.84894566037397,9.910746862294916,1.152925386,0.2052991489559029,0.017217824,0.026769072,0.000291654,0.016915965161290323,1.7717032179608756,True,False,False,True,True,False,False,"[('PLEC', 'Q15149')]","[('S125', 3196832)]",not in DB
153,SRF,S224,7452672467.0,6450034189.0,1.0,0.8654659409172181,9.872312035103828,9.809562016659251,0.865465941,-0.2084510490877457,0.020076137,0.044213669000000004,0.001675791,0.048432828290322576,1.3148601690906625,True,False,False,True,True,False,False,"[('SRF', 'P11831')]","[('S224', 468829)]",not in DB
154,RPRD2,S766,3626943874.0,3032374752.0,1.0,0.8360688384890071,9.559540835039853,9.4817828719826,0.8360688390000001,-0.2583063611993431,0.036339734,0.01513813,0.000317753,0.01788067667015707,1.7476160499386146,True,False,False,True,True,False,False,"[('RPRD2', 'Q5VT52')]","[('S766', 6223536)]",not in DB
155,NCBP3,S415,21950315904.0,16524386367.0,1.0,0.752808590057183,10.341440774891433,10.218125340933838,0.75280859,-0.40964500470654414,0.036738114,0.023198164,4.3200000000000007e-05,0.00527629090909091,2.2776712675741257,True,False,False,True,True,False,False,"[('NCBP3', 'Q53F19')]","[('S415', 3198050)]",not in DB
156,CAD,S1859,74154011880.0,54315102397.0,1.0,0.7324634368386651,10.870134652198026,10.734920602622765,0.732463437,-0.44917134978977763,0.035941725,0.075679799,0.000418884,0.02143888205714286,1.6687978649248127,True,False,False,True,True,False,False,"[('CAD', 'P27708')]","[('S1859', 451247)]","[('PRKACA', 'P17612'), ('RPS6KB1', 'P23443')]"
157,RPS6KA6,S232,1379693982.0,1009216968.0,1.0,0.7314788505035315,9.139782769976174,9.003984543715157,0.731478851,-0.45111194207315686,0.031442457,0.086869586,0.000600886,0.02536519603125,1.595761776951498,True,False,False,True,True,False,False,"[('RPS6KA6', 'Q9UK32')]","[('S232', 457600)]",not in DB
158,VRTN,S432,25991917836.0,17224383873.0,1.0,0.6626822992316265,10.41483832547496,10.236143695871858,0.662682299,-0.5936107109883028,0.060208119000000004,0.037751449,0.00010787399999999999,0.009060647317829457,2.0428407740098424,True,False,False,True,True,False,False,not in DB,not in DB,not in DB
159,RAP1GAP2,S564,26080864545.0,17225809932.0,1.0,0.6604769524521911,10.416321983566773,10.23617965094128,0.660476952,-0.5984198768149007,0.061019399,0.037739842999999995,0.00011058,0.009065617164179104,2.042602624897345,True,False,False,True,True,False,False,"[('RAP1GAP2', 'Q684P5')]","[('S564', 17543814)]",not in DB
160,PRRT3,S808,208433470.9,135712598.7,1.0,0.6511075122148243,8.318967460596658,8.132620166686335,0.651107512,-0.6190323115229329,0.08620801800000001,0.086657847,0.001086299,0.03755230241800643,1.4253634302502076,True,False,False,True,True,False,False,"[('PRRT3', 'Q5FWE3')]","[('S808', 2023801)]",not in DB
161,SIPA1L1,S1433,1209420131.0,774556928.8,1.0,0.6404366100302658,9.082577193234245,8.889053343276755,0.64043661,-0.6428723142727343,0.076311484,0.09916323,0.000762785,0.029496107553956836,1.5302352917972206,True,False,False,True,True,False,False,"[('SIPA1L1', 'O43166')]","[('S1433', 2049657)]",not in DB
162,METTL1,S27,2665090922.0,1682896609.0,1.0,0.6314593603947596,9.42571202996646,9.226057435334075,0.63145936,-0.66323820808457,0.057379657,0.061848987,9.32e-05,0.008489098305084746,2.071138437191013,True,False,False,True,True,False,False,"[('METTL1', 'Q9UBP6')]","[('S27', 3627513)]","[('AKT1', 'P31749'), ('RPS6KA1', 'Q15418')]"
163,ZNRF2,S135,4793661781.0,3021138975.0,1.0,0.6302361562041124,9.680667388932704,9.480170703653746,0.630236156,-0.6660355722272012,0.059816833,0.060098425999999996,0.000102296,0.00886675329032258,2.052235375232355,True,False,False,True,True,False,False,"[('ZNRF2', 'Q8NHG8')]","[('S135', 471200)]",not in DB
164,RB1,T821,897089902.6,560865430.0,1.0,0.6252053761551278,8.95283596840262,8.748858672273869,0.625205376,-0.6775979110872226,0.04310819,0.09801066300000001,0.000130336,0.009796163132867132,2.008943991298027,True,False,False,True,True,False,False,"[('RB1', 'P06400')]","[('T821', 447983)]","[('CDK2', 'P24941'), ('CDK6', 'Q00534')]"
165,ADAM9,S758,5675181232.0,3474719069.0,1.0,0.6122657457012115,9.753979734904949,9.540919697641217,0.612265746,-0.7077701229800978,0.117991884,0.058585646,0.00159391,0.047238881223140496,1.3257003965024294,True,False,False,True,True,False,False,"[('ADAM9', 'Q13443')]","[('S758', 3195575)]",not in DB
166,LAP2_HUMAN,S1168,2010768173.0,1225716255.0,1.0,0.6095761169579642,9.303362002476137,9.088389945590233,0.609576117,-0.7141217152855205,0.088075446,0.072685863,0.00047285400000000004,0.02299653752036199,1.6383375487215373,True,False,False,True,True,False,False,not in DB,not in DB,not in DB
167,FRMD3,S334,7254670988.0,4367903774.0,1.0,0.6020815804362429,9.860617721207092,9.640273062187262,0.60208158,-0.7319691144016609,0.058914398,0.103640911,0.000199124,0.01327687911656442,1.8769039988943106,True,False,False,True,True,False,False,not in DB,not in DB,not in DB
168,FA21A_HUMAN,S1075,1545648556.0,920430705.3,1.0,0.5954980527281002,9.189110752492503,8.963991098175576,0.5954980529999999,-0.7478313037280094,0.067747486,0.180825958,0.001504852,0.04594928777272727,1.3377212159159906,True,False,False,True,True,False,False,not in DB,not in DB,not in DB
169,JAK2,S472,1088212462.0,644853239.1,1.0,0.5925802741817894,9.036713695055315,8.809460885640817,0.592580274,-0.7549174926786847,0.050232165,0.147889351,0.000428098,0.02180662229383886,1.6614115986464075,True,False,False,True,True,False,False,not in DB,not in DB,not in DB
170,PRELID1,S153,1090295024.0,645439440.2,1.0,0.5919860459713517,9.037544030012752,8.80985549986225,0.591986046,-0.7563649251207418,0.047904178,0.146408655,0.00038135,0.019993901463414634,1.6991024525698908,True,False,False,True,True,False,False,not in DB,not in DB,not in DB
171,SRRM1,S769,784518353.5,460353099.3,1.0,0.5867971058244975,8.894603108191324,8.663091071359247,0.586797106,-0.7690663390255891,0.07979747400000001,0.143174247,0.000827898,0.03104531712891986,1.5080038994631422,True,False,False,True,True,False,False,"[('SRRM1', 'A9Z1X7')]","[('S769', 449231)]",not in DB
172,SRRM1,T778,784518353.5,460353099.3,1.0,0.5867971058244975,8.894603108191324,8.663091071359247,0.586797106,-0.7690663390255891,0.07979747400000001,0.143174247,0.000827898,0.03104531712891986,1.5080038994631422,True,False,False,True,True,False,False,"[('SRRM1', 'Q8IYB3')]","[('T778', 3205809)]",not in DB
173,NCOR1,S1472,665677109.9,390600984.2,1.0,0.586772443262586,8.823263623475578,8.591733333248023,0.586772443,-0.7691269765699579,0.09321441300000001,0.08450237599999999,0.00050375,0.023851563876651983,1.622483140282826,True,False,False,True,True,False,False,"[('NCOR1', 'O75376')]","[('S1472', 468248)]",not in DB
174,IRF2BPL,S519,1000004534.0,573362634.1,1.0,0.5733600344856037,9.000001969086718,8.758429386669498,0.573360034,-0.8024867497081339,0.104974611,0.15304879999999998,0.001662434,0.04842233233604336,1.3149542959294214,True,False,False,True,True,False,False,"[('IRF2BPL', 'Q9H1B7')]","[('S519', 11097073)]",not in DB
175,SH2D3A,S147,1130407313.0,645960861.2,1.0,0.5714408017103831,9.053234958452386,8.81020620486845,0.571440802,-0.8073240436647481,0.088215142,0.159881112,0.001106253,0.03792192194904458,1.4211096599755224,True,False,False,True,True,False,False,"[('SH2D3A', 'Q9BRG2')]","[('S147', 11089550)]",not in DB
176,TNS3,S776,1389800723.0,778454429.4,1.0,0.5601194592269614,9.1429525332715,8.891233194117513,0.5601194589999999,-0.8361935453466929,0.113861966,0.117539727,0.001158952,0.039020949874999995,1.4087021629156176,True,False,False,True,True,False,False,"[('TNS3', 'Q68CZ2')]","[('S776', 457513)]",not in DB
177,PUM2,S82,3908724484.0,2142153094.0,1.0,0.5480440237649659,9.592035059202914,9.33085050547973,0.548044024,-0.8676363063449443,0.098303851,0.149116965,0.000866498,0.03189424830136987,1.496287629049315,True,False,False,True,True,False,False,"[('PUM2', 'Q8TB72')]","[('S82', 3207144)]",not in DB
178,TPR,S2155,609429069.6,318600814.6,1.0,0.5227857194424845,8.784923166108786,8.503246881872622,0.522785719,-0.935708363488686,0.076270927,0.10180941800000001,0.000113025,0.009065617164179104,2.042602624897345,True,False,False,True,True,False,False,"[('TPR', 'P12270')]","[('S2155', 468982)]",not in DB
179,FAM117A,S145,276142427.6,140176175.5,1.0,0.507622739172298,8.441133138464547,8.146674206725395,0.507622739,-0.9781713986244928,0.031375556,0.131773559,2.54e-05,0.0037838849315068495,2.4220620790280303,True,False,False,True,True,False,False,"[('FAM117A', 'Q9C073')]","[('S145', 479968)]",not in DB
180,LPIN3,S274,6700287475.0,3281110567.0,1.0,0.4896969837850129,9.82609343645125,9.516020865506103,0.489696984,-1.0300387842432615,0.055571441,0.16824539300000002,0.000112541,0.009065617164179104,2.042602624897345,True,False,False,True,True,False,False,"[('LPIN3', 'Q9BQK8')]","[('S274', 27452261)]",not in DB
181,DDX5,S480,195744278.7,93413430.1,1.0,0.47722176464307564,8.29168907716507,7.97040931947444,0.477221765,-1.0672682523120862,0.104017241,0.228357573,0.000955765,0.03412811368770764,1.4668877151687365,True,False,False,True,True,False,False,"[('DDX5', 'P17844')]","[('S480', 3181154)]",not in DB
182,YL004_HUMAN,T5,2049700688.0,955424196.0,1.0,0.4661286409247671,9.311690446889653,8.980196235540829,0.466128641,-1.101199933739337,0.10723228800000001,0.14388486,0.00033418699999999995,0.01843061528205128,1.7344601661841088,True,False,False,True,True,False,False,not in DB,not in DB,not in DB
183,RPL24,S149,199453693.5,92743113.23,1.0,0.4649856896733778,8.299842083021474,7.967281670338268,0.46498569,-1.1047417771262797,0.053188179,0.191094879,0.000108748,0.009060647317829457,2.0428407740098424,True,False,False,True,True,False,False,"[('RPL24', 'P83731')]","[('S149', 4752550)]",not in DB
184,PTPN13,S214,240003991.2,111137400.1,1.0,0.4630647996490485,8.380218463968788,8.045860232871975,0.4630648,-1.1107140005439362,0.061135714,0.10218969900000001,2e-05,0.0035239344262295086,2.452972181585655,True,False,False,True,True,False,False,"[('PTPN13', 'Q12923')]","[('S214', 7160502)]",not in DB
185,BAP1,S521,5213527292.0,2405575578.0,1.0,0.4614103740650371,9.71713165134657,9.38121900604953,0.461410374,-1.1158776540435256,0.08354085900000001,0.012453269,3.12e-05,0.004244779746835443,2.372144839510868,True,False,False,True,True,False,False,"[('BAP1', 'Q92560')]","[('S521', 10815399)]",not in DB
186,ACLY,S455,4059609179.0,1765760537.0,1.0,0.4349582580840844,9.608484225800465,9.246931806539969,0.434958258,-1.20105113959483,0.066922278,0.194698085,0.000100945,0.008820787479674798,2.0544926413068527,True,False,False,True,True,False,False,"[('ACLY', 'P53396')]","[('S455', 448631)]",not in DB
187,MMTAG2,S220,245508577.8,102958484.1,1.0,0.41936817451597813,8.390066670496166,8.012662139647578,0.419368174,-1.2537107159387608,0.071816475,0.207745966,0.000111599,0.009065617164179104,2.042602624897345,True,False,False,True,True,False,False,not in DB,not in DB,not in DB
188,RRN3P2,S44,3662353174.0,1506430043.0,1.0,0.41132844688342446,9.56376022257724,9.177948968306413,0.41132844700000004,-1.281637244477115,0.070916777,0.16537448300000002,4.6899999999999995e-05,0.005600902222222222,2.251742008963111,True,False,False,True,True,False,False,not in DB,not in DB,not in DB
189,NCOA5,S378,1125536057.0,451336230.3,1.0,0.4009966873055938,9.051359412357689,8.654500197220157,0.400996687,-1.3183377775797724,0.068880081,0.19764131899999998,6.2e-05,0.0065330980392156865,2.1848808245025326,True,False,False,True,True,False,False,"[('NCOA5', 'Q9HCD5')]","[('S378', 468246)]",not in DB
190,PATL1,T194,2498548910.0,931205982.7,1.0,0.37269872083472644,9.39768785533362,8.969045757517637,0.372698721,-1.4239182267466082,0.136460882,0.113221511,0.00026884099999999997,0.01605279482222222,1.7944493451779546,True,False,False,True,True,False,False,"[('PATL1', 'Q86TB9')]","[('T194', 17599503)]",not in DB
191,BRCA1,S1191,1355441873.0,486444169.0,1.0,0.35888235319405687,9.132080897957351,8.687033001877484,0.358882353,-1.4784171103383272,0.146187553,0.17971329,0.000440356,0.022116571439252334,1.6552821974587533,True,False,False,True,True,False,False,"[('BRCA1', 'P38398')]","[('S1191', 10272402)]","[('CDK1', 'P06493')]"
192,BRCA1,S1189,1355441873.0,486444169.0,1.0,0.35888235319405687,9.132080897957351,8.687033001877484,0.358882353,-1.4784171103383272,0.146187553,0.17971329,0.000440356,0.022116571439252334,1.6552821974587533,True,False,False,True,True,False,False,"[('BRCA1', 'P38398')]","[('S1189', 450007)]","[('ATM', 'Q13315'), ('CDK1', 'P06493')]"
193,RAI1,S1374,10691325941.0,3814109868.0,1.0,0.35674806745656584,10.029031569862632,9.581393199034816,0.35674806700000006,-1.487022482248886,0.094993686,0.201864617,8.499999999999999e-05,0.007944173913043476,2.0999512568781884,True,False,False,True,True,False,False,"[('RAI1', 'Q7Z5J4')]","[('S1374', 3204243)]",not in DB
194,MTMR14,S530,3438361951.0,1217529055.0,1.0,0.3541014798182892,9.536351592260278,9.085479333973414,0.35410148,-1.4977652212681112,0.078701623,0.220938315,5.5299999999999996e-05,0.006064942857142857,2.217173286626666,True,False,False,True,True,False,False,"[('MTMR14', 'Q8NCE2')]","[('S530', 7322063)]",not in DB
195,MEPCE,S152,8715815454.0,2970038398.0,1.0,0.3407642593713871,9.940308026053572,9.472762064109036,0.34076425899999996,-1.55315406820703,0.11481756,0.09872874599999999,7.56e-05,0.007454576146788991,2.1275770446782865,True,False,False,True,True,False,False,"[('MEPCE', 'Q7L2J0')]","[('S152', 4274119)]",not in DB
196,IRS2,S620,586803476.4,196716945.0,1.0,0.3352347982102037,8.768492678069787,8.293841771220979,0.335234798,-1.5767561836294384,0.149520548,0.076017396,0.000271885,0.016056153736263738,1.7943584821690908,True,False,False,True,True,False,False,"[('IRS2', 'Q9Y4H2')]","[('S620', 483512)]",not in DB
197,KRAS,S172,1393604040.0,456178181.8,1.0,0.32733701159477124,9.144139396667006,8.65913450989622,0.327337012,-1.61115135773555,0.078412761,0.1950229,2.57e-05,0.0037838849315068495,2.4220620790280303,True,False,False,True,True,False,False,not in DB,not in DB,not in DB
198,PNPT1,S60,1393604040.0,456178181.8,1.0,0.32733701159477124,9.144139396667006,8.65913450989622,0.327337012,-1.61115135773555,0.078412761,0.1950229,2.57e-05,0.0037838849315068495,2.4220620790280303,True,False,False,True,True,False,False,"[('PNPT1', 'Q8TCS8')]","[('S60', 18261143)]",not in DB
199,CECR2,T546,7060032885.0,2172114004.0,1.0,0.30766344001243273,9.848806723961262,9.336882615580155,0.30766344,-1.7005750781396651,0.125999432,0.143717549,0.00010658,0.009060647317829457,2.0428407740098424,True,False,False,True,True,False,False,"[('CECR2', 'Q9BXF3')]","[('T546', 4692902)]",not in DB
200,EHMT2,S232,2096745508.0,613777020.8,1.0,0.2927284300637214,9.321545721271992,8.78801062484756,0.29272843,-1.7723652267348065,0.17782699600000001,0.163739075,0.000557915,0.02498147382572614,1.6023819432437638,True,False,False,True,True,False,False,"[('EHMT2', 'A2ABF8'), ('EHMT2', 'Q96KQ7-2')]","[('S232', 3209439)]",not in DB
201,EDC3,S161,3358542915.0,909977181.0,1.0,0.2709440385399988,9.526150902025396,8.959030501892482,0.27094403899999997,-1.8839331879359271,0.025886443,0.178332532,4.39e-07,0.0004813234782608696,3.3175629535512896,True,False,False,True,True,False,False,"[('EDC3', 'Q96F86')]","[('S161', 1211074)]","[('AKT1', 'P31749'), ('AKT2', 'P31751')]"
202,SRRM2,S771,72243674169.0,19171080040.0,1.0,0.26536690250765754,10.858799825217206,10.28264658038977,0.265366903,-1.9139396482761066,0.069464307,0.084441982,2.28e-06,0.0006623091891891893,3.1789392193054105,True,False,False,True,True,False,False,"[('SRRM2', 'Q9UQ35')]","[('S771', 476660)]",not in DB
203,SRRM2,S774,72397858257.0,19174298958.0,1.0,0.2648462181012941,10.859725718670562,10.282719494433907,0.264846218,-1.916773187768402,0.06870105,0.084493665,2.14e-06,0.0006623091891891893,3.1789392193054105,True,False,False,True,True,False,False,"[('SRRM2', 'Q9UQ35')]","[('S774', 5007611)]",not in DB
204,SRSF7,S167,73495192111.0,19171080040.0,1.0,0.26084808392698483,10.86625892945211,10.28264658038977,0.260848084,-1.93871825846957,0.078093007,0.084441982,4.11e-06,0.001003960909090909,2.9982831968489876,True,False,False,True,True,False,False,"[('SRSF7', 'Q16629')]","[('S167', 465899)]",not in DB
205,LINC00322,S228,73495192111.0,19171080040.0,1.0,0.26084808392698483,10.86625892945211,10.28264658038977,0.260848084,-1.93871825846957,0.078093007,0.084441982,4.11e-06,0.001003960909090909,2.9982831968489876,True,False,False,True,True,False,False,not in DB,not in DB,not in DB
206,FAM189A1,S18,73495192111.0,19171080040.0,1.0,0.26084808392698483,10.86625892945211,10.28264658038977,0.260848084,-1.93871825846957,0.078093007,0.084441982,4.11e-06,0.001003960909090909,2.9982831968489876,True,False,False,True,True,False,False,not in DB,not in DB,not in DB
207,FAM189A1,S20,73495192111.0,19171080040.0,1.0,0.26084808392698483,10.86625892945211,10.28264658038977,0.260848084,-1.93871825846957,0.078093007,0.084441982,4.11e-06,0.001003960909090909,2.9982831968489876,True,False,False,True,True,False,False,not in DB,not in DB,not in DB
208,SGMS1,S218,73508944567.0,19171080040.0,1.0,0.26079928303863004,10.866340187243976,10.28264658038977,0.260799283,-1.9389881916288252,0.059353607,0.084441982,9.49e-07,0.0004813234782608696,3.3175629535512896,True,False,False,True,True,False,False,"[('SGMS1', 'Q86VZ5')]","[('S218', 18802086)]",not in DB
209,SGMS1,S215,73508944567.0,19171080040.0,1.0,0.26079928303863004,10.866340187243976,10.28264658038977,0.260799283,-1.9389881916288252,0.059353607,0.084441982,9.49e-07,0.0004813234782608696,3.3175629535512896,True,False,False,True,True,False,False,"[('SGMS1', 'Q86VZ5')]","[('S215', 18802083)]",not in DB
210,ZNF217,S751,73508944567.0,19171080040.0,1.0,0.26079928303863004,10.866340187243976,10.28264658038977,0.260799283,-1.9389881916288252,0.059353607,0.084441982,9.49e-07,0.0004813234782608696,3.3175629535512896,True,False,False,True,True,False,False,not in DB,not in DB,not in DB
211,ZNF217,S747,73508944567.0,19171080040.0,1.0,0.26079928303863004,10.866340187243976,10.28264658038977,0.260799283,-1.9389881916288252,0.059353607,0.084441982,9.49e-07,0.0004813234782608696,3.3175629535512896,True,False,False,True,True,False,False,not in DB,not in DB,not in DB
212,EDC3,S131,2832671253.0,735904739.3,1.0,0.25979179141265496,9.452196175193746,8.866821599834882,0.259791791,-1.944572250208958,0.18768864,0.17132408300000002,0.000560154,0.02498147382572614,1.6023819432437638,True,False,False,True,True,False,False,"[('EDC3', 'Q96F86')]","[('S131', 467873)]",not in DB
213,ZN75A_HUMAN,S287,72243674169.0,18571426967.0,1.0,0.25706647925402804,10.858799825217206,10.268845274772875,0.25706647899999996,-1.9597865972533057,0.069464307,0.09291423,2.22e-06,0.0006623091891891893,3.1789392193054105,True,False,False,True,True,False,False,not in DB,not in DB,not in DB
214,ZN75A_HUMAN,S286,72243674169.0,18571426967.0,1.0,0.25706647925402804,10.858799825217206,10.268845274772875,0.25706647899999996,-1.9597865972533057,0.069464307,0.09291423,2.22e-06,0.0006623091891891893,3.1789392193054105,True,False,False,True,True,False,False,not in DB,not in DB,not in DB
215,ZC3H3,S569,72243674169.0,18524918142.0,1.0,0.25642270212703416,10.858799825217206,10.267756297593,0.256422702,-1.9634041004309108,0.069464307,0.088096711,2.14e-06,0.0006623091891891893,3.1789392193054105,True,False,False,True,True,False,False,not in DB,not in DB,not in DB
216,EIF2B1,S105,72243674169.0,18524918142.0,1.0,0.25642270212703416,10.858799825217206,10.267756297593,0.256422702,-1.9634041004309108,0.069464307,0.088096711,2.14e-06,0.0006623091891891893,3.1789392193054105,True,False,False,True,True,False,False,"[('EIF2B1', 'Q14232')]","[('S105', 14572855)]",not in DB
217,POLH,S380,72246478944.0,18498366613.0,1.0,0.2560452340845363,10.858816685858287,10.267133382333913,0.256045234,-1.9655293897297017,0.069522894,0.091506004,2.19e-06,0.0006623091891891893,3.1789392193054105,True,False,False,True,True,False,False,"[('POLH', 'Q9Y253')]","[('S380', 1211850)]",not in DB
218,POLH,S379,72243674169.0,18423053661.0,1.0,0.2550126896633587,10.858799825217206,10.265361617077255,0.25501269,-1.971359054295218,0.069464307,0.09492486900000001,2.2e-06,0.0006623091891891893,3.1789392193054105,True,False,False,True,True,False,False,"[('POLH', 'Q9Y253')]","[('S379', 1233193)]",not in DB
219,EIF4EBP1,S65,1823504931.0,456584578.9,1.0,0.25038845310366753,9.260906942041462,8.659521239147791,0.250388453,-1.9977600629033834,0.08946326800000001,0.243737912,2.0399999999999998e-05,0.0035364387096774186,2.4514338643112246,True,False,False,True,True,False,False,"[('EIF4EBP1', 'Q13541')]","[('S65', 447527)]","[('DYRK2', 'Q92630'), ('GSK3B', 'P49841'), ('MAPK1', 'P28482'), ('MAPK3', 'P27361'), ('MTOR', 'P42345')]"
220,CHAF1A,S775,6256979986.0,1261659883.0,1.0,0.20164038974440793,9.796364765815996,9.100942294017152,0.20164039,-2.310143445055885,0.12783977800000002,0.067348695,3.82e-05,0.004774111627906977,2.321107430570728,True,False,False,True,True,False,False,"[('CHAF1A', 'Q13111')]","[('S775', 2715900)]",not in DB
221,RPS6,S236,12324770592.0,1944611909.0,1.0,0.15778077932438322,10.090778844253062,9.288832941087328,0.157780779,-2.6640066292721247,0.061562013,0.200451126,7.43e-07,0.0004813234782608696,3.3175629535512896,True,False,False,True,True,False,False,"[('RPS6', 'P62753')]","[('S236', 448093)]","[('PRKCD', 'Q05655'), ('RPS6KA1', 'Q15418'), ('RPS6KA3', 'P51812'), ('RPS6KB1', 'P23443')]"
222,FAM47A,S259,12121250991.0,1854597524.0,1.0,0.15300380508390052,10.083547444124928,9.268249675637904,0.153003805,-2.7083605636271324,0.06596882400000001,0.227174536,1.12e-06,0.0005015733333333334,3.2996655612802934,True,False,False,True,True,False,False,"[('FAM47A', 'Q5JRC9')]","[('S259', 4944443)]",not in DB
223,SH3BP1,S612,12118446216.0,1779284572.0,1.0,0.14682448065419546,10.083446939708516,9.250245413044958,0.146824481,-2.7678355567288455,0.065747877,0.198433489,8.64e-07,0.0004813234782608696,3.3175629535512896,True,False,False,True,True,False,False,"[('SH3BP1', 'Q9Y3L3')]","[('S612', 34668961)]",not in DB
224,TRPV3,S372,12118446216.0,1779284572.0,1.0,0.14682448065419546,10.083446939708516,9.250245413044958,0.146824481,-2.7678355567288455,0.065747877,0.198433489,8.64e-07,0.0004813234782608696,3.3175629535512896,True,False,False,True,True,False,False,not in DB,not in DB,not in DB
225,FAM47A,S258,12118446216.0,1779284572.0,1.0,0.14682448065419546,10.083446939708516,9.250245413044958,0.146824481,-2.7678355567288455,0.065747877,0.198433489,8.64e-07,0.0004813234782608696,3.3175629535512896,True,False,False,True,True,False,False,not in DB,not in DB,not in DB
226,SFRP2,S287,12118446216.0,1779284572.0,1.0,0.14682448065419546,10.083446939708516,9.250245413044958,0.146824481,-2.7678355567288455,0.065747877,0.198433489,8.64e-07,0.0004813234782608696,3.3175629535512896,True,False,False,True,True,False,False,not in DB,not in DB,not in DB
227,RPS6,S235,12118446216.0,1779284572.0,1.0,0.14682448065419546,10.083446939708516,9.250245413044958,0.146824481,-2.7678355567288455,0.065747877,0.198433489,8.64e-07,0.0004813234782608696,3.3175629535512896,True,False,False,True,True,False,False,"[('RPS6', 'P62753')]","[('S235', 448092)]","[('PRKCD', 'Q05655'), ('RPS6KA1', 'Q15418'), ('RPS6KA3', 'P51812'), ('RPS6KB1', 'P23443')]"
228,EIF4EBP2,T46,2120558985.0,263903434.7,1.0,0.12444993823173468,9.326450357203054,8.421445042594245,0.12444993800000001,-3.0063625833077854,0.134481346,0.21729342399999999,3.26e-05,0.004312307317073169,2.3652902966726117,True,False,False,True,True,False,False,"[('EIF4EBP2', 'Q13542')]","[('T46', 449410)]",not in DB
229,EIF4EBP2,Y34,2120558985.0,263903434.7,1.0,0.12444993823173468,9.326450357203054,8.421445042594245,0.12444993800000001,-3.0063625833077854,0.134481346,0.21729342399999999,3.26e-05,0.004312307317073169,2.3652902966726117,True,False,False,True,True,False,False,"[('EIF4EBP2', 'Q13542')]","[('Y34', 448940)]",not in DB
230,HDGFL2,S454,44178496341.0,5124334953.0,1.0,0.11599161079288124,10.645210930142941,9.709637509730966,0.115991611,-3.107907627520282,0.020561543,0.044854385999999996,4.75e-10,2.55265e-06,5.593008728277984,True,False,False,True,True,False,False,"[('HDGFL2', 'Q7Z4V5')]","[('S454', 465651)]",not in DB
231,SART1,S448,3578543444.0,365814172.8,1.0,0.10222432073958636,9.553706293975543,8.563260527410481,0.10222432099999999,-3.2901896147395044,0.058507706,0.21167275,2.74e-07,0.0004813234782608696,3.3175629535512896,True,False,False,True,True,False,False,"[('SART1', 'O43290')]","[('S448', 470183)]",not in DB
232,LARP1,Y777,4660480739.0,366480361.8,1.0,0.07863574217423668,9.668430717446736,8.564050707516298,0.07863574200000001,-3.668670985616549,0.117610997,0.17542961699999998,1.0300000000000001e-05,0.0021706745098039218,2.6634052936316333,True,False,False,True,True,False,False,"[('LARP1', 'Q6PKG0')]","[('Y777', 4170717)]",not in DB
233,LARP1,S766,4660480739.0,366480361.8,1.0,0.07863574217423668,9.668430717446736,8.564050707516298,0.07863574200000001,-3.668670985616549,0.117610997,0.17542961699999998,1.0300000000000001e-05,0.0021706745098039218,2.6634052936316333,True,False,False,True,True,False,False,"[('LARP1', 'Q6PKG0')]","[('S766', 483150)]","[('MTOR', 'P42345')]"
234,PNISR,S321,266047193.0,0.0,1.0,0.0,8.4249586811482,-inf,0.0,0.0,0.038424047,,7.98e-09,2.1442259999999997e-05,4.668729442216102,True,True,False,False,False,True,False,"[('PNISR', 'Q8TF01')]","[('S321', 453772)]",not in DB
235,PNISR,S311,282885365.9,0.0,1.0,0.0,8.451610481309006,-inf,0.0,0.0,0.085634455,,9.49e-07,0.0004813234782608696,3.3175629535512896,True,True,False,False,False,True,False,"[('PNISR', 'Q8TF01')]","[('S311', 453770)]",not in DB
236,PNISR,S313,282885365.9,0.0,1.0,0.0,8.451610481309006,-inf,0.0,0.0,0.085634455,,9.49e-07,0.0004813234782608696,3.3175629535512896,True,True,False,False,False,True,False,"[('PNISR', 'Q8TF01')]","[('S313', 453771)]",not in DB
237,CCT2,S260,165541579.4,0.0,1.0,0.0,8.218907094401748,-inf,0.0,0.0,0.21116705800000002,,0.000177093,0.01227997138064516,1.9108026453481384,True,True,False,False,False,True,False,"[('CCT2', 'P78371')]","[('S260', 472352)]","[('AKT1', 'P31749'), ('RPS6KA1', 'Q15418'), ('RPS6KB1', 'P23443')]"
238,ADNP,S970,157886968.9,0.0,1.0,0.0,8.198346287270097,-inf,0.0,0.0,0.215329059,,0.000197398,0.01326021065,1.877449576730193,True,True,False,False,False,True,False,"[('ADNP', 'Q9H2P0')]","[('S970', 28029569)]",not in DB
